PointGrp,Visit,Date,VisitID,SpeciesCode
BAR_P01,s2v2,5/31/2017,416,CROR
BAR_P01,s3v2,9/4/2017,1026,ASTI
BAR_P01,s3v2,9/4/2017,1026,ASTI
BAR_P02,s5v2,5/18/2018,1257,UTST
BAR_P02,s5v1,4/29/2018,1192,PLSK
BAR_P02,s5v1,4/29/2018,1192,UTST
BAR_P02,s5v1,4/29/2018,1192,UTST
BAR_P02,s5v1,4/29/2018,1192,UTST
BAR_P02,s5v2,5/18/2018,1257,UTST
BAR_P02,s3v1,8/6/2017,528,ASTI
BAR_P02,s2v2,5/31/2017,417,UTST
BAR_P02,remove,9/26/2017,720,SCOC
BAR_P02,s3v2,9/4/2017,1023,UTST
BAR_P02,s3v2,9/4/2017,1023,UTST
BAR_P02,s3v3,10/20/2017,872,UTST
BAR_P02,s2v2,5/31/2017,417,UTST
BAR_P02,s2v2,5/31/2017,417,UTST
BAR_P02,s1v3,2/21/2017,98,ANBO
BAR_P03,s3v2,9/4/2017,1022,SCOR
BAR_P03,s5v2,5/18/2018,1258,PLSK
BAR_P03,s3v1,8/6/2017,527,UTST
BAR_P03,s3v2,9/4/2017,1022,CROR
BAR_P03,s3v2,9/4/2017,1022,SCOC
BAR_P03,s3v2,9/4/2017,1022,SCOC
BAR_P03,s3v2,9/4/2017,1022,SCOR
BAR_P03,s3v2,9/4/2017,1022,UTST
BAR_P03,s3v3,9/26/2017,789,UTST
BAR_P03,s5v1,4/29/2018,1193,SCOC
BAR_P03,s5v1,4/29/2018,1193,SCOC
BAR_P03,s3v2,9/4/2017,1022,UTST
BDO_P01,s4v3,2/9/2018,1127,UNKL
BDO_P01,s3v1,10/1/2017,655,ASHY
BDO_P01,s3v2,10/20/2017,870,COLA
BDO_P01,s3v1,10/1/2017,655,UTST
BDO_P01,s5v2,5/27/2018,1308,UTST
BDO_P01,s4v3,2/9/2018,1127,UTST
BDO_P01,s2v3,8/6/2017,526,UNKL
BDO_P01,s2v3,8/6/2017,526,ASTI
BDO_P01,s5v1,4/29/2018,1189,PHBL
BDO_P01,s3v1,10/1/2017,655,ASHY
BDO_P01,s5v1,4/29/2018,1189,UNKL
BDO_P01,s1v2,3/30/2017,217,UNKL
BDO_P01,s1v2,3/30/2017,217,UTST
BDO_P01,s4v2,1/28/2018,1108,UTST
BDO_P01,s2v2,7/11/2017,558,PSRE
BDO_P01,s4v1,1/7/2018,1065,UTST
BDO_P02,s1v3,4/23/2017,243,UTST
BDO_P02,s2v3,8/6/2017,525,UNKL
BDO_P02,s1v3,4/23/2017,243,UTST
BDO_P02,s2v3,8/6/2017,525,SCOR
BDO_P02,s5v2,5/27/2018,1309,UTST
BDO_P02,s2v3,8/6/2017,525,UTST
BDO_P02,s3v1,10/1/2017,656,UTST
BDO_P02,s1v2,3/30/2017,216,UTST
BDO_P02,s5v1,4/29/2018,1190,SCOC
BDO_P02,s5v1,4/29/2018,1190,UTST
BDO_P02,s3v3,11/8/2017,949,CROR
BDO_P02,s5v1,4/29/2018,1190,UTST
BDO_P02,s1v1,3/3/2017,124,UTST
BDO_P02,s5v2,5/27/2018,1309,SCOC
BDO_P02,s1v2,3/30/2017,216,SCOC
BDO_P02,s2v3,8/6/2017,525,UNKL
BDO_P02,s5v2,5/27/2018,1309,PICA
BDO_P02,s5v2,5/27/2018,1309,UNKL
BDO_P02,s5v2,5/27/2018,1309,UTST
BDO_P02,s2v1,6/28/2017,475,UTST
BDO_P02,s5v2,5/27/2018,1309,SCOC
BDO_P02,s5v2,5/27/2018,1309,SCOC
BDO_P02,s3v1,10/1/2017,656,UTST
BDO_P02,s1v2,3/30/2017,216,SCOC
BDO_P02,s1v1,3/3/2017,124,SCOC
BDO_P03,s3v1,10/1/2017,653,UTST
BDO_P03,s3v1,10/1/2017,653,UTST
BDO_P03,s4v3,2/9/2018,1128,UTST
BDO_P03,s1v3,4/23/2017,240,UTST
BDO_P03,s1v3,4/23/2017,240,UNKL
BDO_P03,s2v2,7/11/2017,556,UNKL
BDO_P03,s2v3,8/6/2017,523,UTST
BDO_P03,s2v1,6/28/2017,472,ASHY
BDO_P03,s4v3,2/9/2018,1128,UTST
BDO_P03,s2v1,6/28/2017,472,PSRE
BDO_P03,s5v1,4/29/2018,1187,UTST
BDO_P03,s5v1,4/29/2018,1187,UTST
BDO_P03,s5v1,4/29/2018,1187,UTST
BDO_P03,s5v1,4/29/2018,1187,UTST
BDO_P03,s2v3,8/6/2017,523,UTST
BDO_P03,s3v3,11/8/2017,948,ASTI
BDO_P03,s4v3,2/9/2018,1128,UNKL
BDO_P03,s5v2,5/27/2018,1307,UTST
BDO_P03,s5v2,5/27/2018,1307,UTST
BDO_P03,s5v2,5/27/2018,1307,UTST
BDO_P03,s5v2,5/27/2018,1307,UTST
BDO_P03,s4v2,1/28/2018,1105,UTST
BDO_P03,s5v2,5/27/2018,1307,ASHY
BDO_P03,s4v2,1/28/2018,1105,UTST
BDO_P03,s4v1,1/7/2018,1063,UTST
BDO_P03,s4v1,1/7/2018,1063,UTST
BDO_P03,s3v3,11/8/2017,948,ASHY
BDO_P03,s4v2,1/28/2018,1105,UTST
BDO_P03,s4v2,1/28/2018,1105,UTST
BDO_P03,s3v3,11/8/2017,948,UNKL
BDO_P03,s4v2,1/28/2018,1105,UTST
BDO_P03,s4v2,1/28/2018,1105,UTST
BDO_P03,s4v2,1/28/2018,1105,UNKL
BDO_P03,s1v2,3/30/2017,214,UTST
BDO_P03,s1v2,3/30/2017,214,UTST
BDO_P03,s1v2,3/30/2017,214,UTST
BDO_P03,s1v2,3/30/2017,214,UTST
BDO_P03,s1v2,3/30/2017,214,UTST
BDO_P03,s1v2,3/30/2017,214,ASHY
BDO_P04,s1v2,3/30/2017,215,UTST
BDO_P04,s5v2,5/27/2018,1306,ASTI
BDO_P04,s5v2,5/27/2018,1306,UTST
BDO_P04,s5v2,5/27/2018,1306,SCOC
BDO_P04,s2v3,8/6/2017,524,UTST
BDO_P04,s5v2,5/27/2018,1306,UTST
BDO_P04,s5v1,4/29/2018,1188,UTST
BDO_P04,s2v3,8/6/2017,524,UTST
BDO_P04,s5v1,4/29/2018,1188,UTST
BDO_P04,s3v2,10/20/2017,869,PICA
BDO_P04,s5v1,4/29/2018,1188,UTST
BDO_P04,s2v2,7/11/2017,557,UNKL
BDO_P04,s1v3,4/23/2017,241,PLSK
BDO_P04,s4v3,2/9/2018,1125,ELMU
BDO_P04,s1v2,3/30/2017,215,UNKL
BLS_P01,s5v1,5/6/2018,1221,ASTI
BLS_P01,s4v1,11/6/2017,773,ASHY
BLS_P01,s2v1,5/1/2017,315,CRRU
BLS_P01,s2v2,5/22/2017,356,ASHY
BLS_P01,s1v3,3/17/2017,193,SCOC
BLS_P01,s1v3,3/17/2017,193,UTST
BLS_P01,s1v2,2/23/2017,143,UTST
BLS_P01,s2v3,6/8/2017,363,ASTI
BLS_P01,s2v2,5/22/2017,356,ASHY
BLS_P01,s1v3,3/17/2017,193,ASTI
BLS_P01,s2v1,5/1/2017,315,ASHY
BLS_P01,s2v1,5/1/2017,315,SCOC
BLS_P01,s2v1,5/1/2017,315,UTST
BLS_P01,s2v1,5/1/2017,315,UTST
BLS_P01,s4v1,11/6/2017,773,RHLE
BLS_P01,s4v1,11/6/2017,773,ASTI
BLS_P01,s2v1,5/1/2017,315,UTST
BLS_P02,s2v2,5/22/2017,355,ASHY
BLS_P02,s2v2,5/22/2017,355,ASTI
BLS_P02,s2v3,6/8/2017,438,ASHY
BLS_P02,s4v1,11/6/2017,774,SCOC
BLS_P02,s3v1,8/8/2017,603,ASHY
BLS_P02,s2v2,5/22/2017,355,ASHY
BLS_P02,s1v2,2/23/2017,136,PLGI
BLS_P02,s1v1,2/5/2017,83,PLSK
BLS_P02,s2v3,6/8/2017,438,SAHE
BLS_P02,s5v1,5/6/2018,1220,ASHY
BLS_P02,s2v3,6/8/2017,438,ASHY
BLS_P02,s2v3,6/8/2017,438,ASHY
BLS_P02,s2v3,6/8/2017,438,ASHY
BLS_P02,s2v1,5/1/2017,314,SCOC
BLS_P02,s2v3,6/8/2017,438,ASHY
BLS_P02,s2v1,5/1/2017,314,ASTI
BLS_P02,s2v1,5/1/2017,314,UNKL
BLS_P02,s2v3,6/8/2017,438,ASHY
BLS_P02,s2v1,5/1/2017,314,UNKL
BLS_P02,remove,2/1/2017,61,SCOC
BLS_P03,s2v3,6/8/2017,437,UTST
BLS_P03,s3v3,10/5/2017,800,UTST
BLS_P03,s3v3,10/5/2017,800,UTST
BLS_P03,s2v3,6/8/2017,437,SCOC
BLS_P03,s4v1,11/6/2017,775,ASHY
BLS_P03,s2v3,6/8/2017,437,UNKL
BLS_P03,s1v1,2/1/2017,62,UTST
BLS_P03,s3v1,8/8/2017,602,ASHY
BLS_P03,s3v1,8/8/2017,602,SCOC
BLS_P03,s3v1,8/8/2017,602,UNKL
BLS_P03,s3v1,8/8/2017,602,ASHY
BLS_P03,s3v2,8/29/2017,678,UTST
BLS_P03,s2v3,6/8/2017,437,SCOC
BLS_P03,s2v3,6/8/2017,437,UNKL
BLS_P03,s4v1,11/6/2017,775,UTST
BLS_P03,s2v3,6/8/2017,437,SCOC
BLS_P03,s2v3,6/8/2017,437,PHBL
BLS_P03,s2v3,6/8/2017,437,ASTI
BLS_P03,s2v3,6/8/2017,437,UTST
BLS_P03,s2v3,6/8/2017,437,UTST
BLS_P03,s2v3,6/8/2017,437,UTST
BLS_P03,s2v3,6/8/2017,437,UNKL
BLS_P03,s2v2,5/22/2017,350,UTST
BLS_P03,s2v1,5/1/2017,319,UTST
BLS_P03,s2v1,5/1/2017,319,UTST
BLS_P03,s2v1,5/1/2017,319,ASHY
BLS_P03,s1v3,3/17/2017,191,UTST
BLS_P03,s1v3,3/17/2017,191,UTST
BLS_P03,s2v1,5/1/2017,319,PHBL
BLS_P03,s5v1,5/6/2018,1222,UTST
BLS_P03,s2v1,5/1/2017,319,UTST
BLS_P03,s5v2,5/24/2018,1289,PLGI
BLS_P03,s2v1,5/1/2017,319,UTST
BLS_P03,s2v2,5/22/2017,350,UTST
BLS_P03,s2v2,5/22/2017,350,UTST
BLS_P03,s2v2,5/22/2017,350,ASHY
BLS_P03,s5v2,5/24/2018,1289,PLGI
BLS_P03,s2v2,5/22/2017,350,ASHY
BLS_P03,s2v2,5/22/2017,350,UTST
BLS_P03,s2v1,5/1/2017,319,UTST
BLS_P03,s5v1,5/6/2018,1222,UTST
BLS_P03,s1v3,3/17/2017,191,UTST
BLS_P03,s1v3,3/17/2017,191,UTST
BLS_P03,s2v3,6/8/2017,437,UTST
BMT_P01,,5/3/2018,1203,SCOC
BMT_P02,,1/26/2018,1095,SCOC
BMT_P03,s2v1,4/30/2017,323,SCOC
BMT_P05,s3v1,9/30/2017,648,SCOC
BMT_P06,s2v3,8/1/2017,601,SCOC
BMT_P06,s3v3,11/6/2017,777,SCOC
BMT_P07,s1v1,3/16/2017,190,UNKL
BMT_P07,s1v1,3/16/2017,190,THHA
BMT_P07,s5v1,4/24/2018,1143,UNKL
BMT_P07,s1v1,3/16/2017,190,SCOC
BMT_P07,s5v1,4/24/2018,1143,SCOC
BMT_P07,s4v3,2/18/2018,934,SCOC
BMT_P08,s2v3,6/15/2017,467,PHBL
BMT_P08,s5v2,5/3/2018,1201,UTST
BMT_P08,s5v4,5/31/2018,1331,UTST
BMT_P08,s5v4,5/31/2018,1331,CRRU
BMT_P08,s5v4,5/31/2018,1331,SCOC
BMT_P08,s3v1,8/17/2017,665,SCOC
BMT_P09,s2v3,6/15/2017,449,SCOC
BMT_P09,s4v2,12/12/2017,819,SCOC
BMT_P09,s4v2,12/12/2017,819,SCOC
BMT_P09,s2v2,6/4/2017,429,UTST
BMT_P09,s4v2,12/12/2017,819,UNKL
BMT_P09,s1v2,2/5/2017,74,SCOC
BMT_P09,s4v4,2/9/2018,904,SCOC
BMT_P09,s5v4,5/31/2018,1330,PLSK
BMT_P09,s5v2,5/3/2018,1200,UTST
BMT_P09,s4v4,2/9/2018,904,HYOC
BMT_P09,s5v2,5/3/2018,1200,UTST
BMT_P10,s5v2,5/3/2018,1202,CROR
BMT_P10,s2v2,6/3/2017,427,UNKL
BMT_P10,s2v1,5/4/2017,349,UTST
BMT_P10,s4v4,2/8/2018,902,UTST
BMT_P10,s2v2,6/3/2017,427,SCOC
CRE_P01,s5v1,5/5/2018,1214,SCOC
CRE_P01,s4v4,2/11/2018,915,UTST
CRE_P01,s3v1,7/25/2017,579,UTST
CRE_P01,s1v1,1/18/2017,21,UTST
CRE_P01,s3v3,9/25/2017,779,ASHY
CRE_P01,s2v1,4/27/2017,264,UNKL
CRE_P01,s5v1,5/5/2018,1214,SCOC
CRE_P01,s1v2,2/2/2017,68,CROR
CRE_P01,s1v3,3/2/2017,112,ANST
CRE_P01,s2v2,5/23/2017,357,ASTI
CRE_P01,s3v2,8/18/2017,670,ASHY
CRE_P01,s3v3,9/25/2017,779,UTST
CRE_P01,s4v1,10/29/2017,725,UTST
CRE_P01,s2v2,5/23/2017,357,ASHY
CRE_P01,s2v2,5/23/2017,357,ASHY
CRE_P01,s2v2,5/23/2017,357,ASHY
CRE_P01,s3v2,8/18/2017,670,ASHY
CRE_P01,s3v2,8/18/2017,670,UNKL
CRE_P01,s5v2,5/26/2018,1301,ASHY
CRE_P01,s4v1,10/29/2017,725,ASHY
CRE_P01,s5v2,5/26/2018,1301,SCOC
CRE_P02,s2v3,7/25/2017,580,SCOC
CRE_P02,s3v1,9/25/2017,785,ASHY
CRE_P02,s1v1,3/2/2017,116,UTST
CRE_P02,s1v1,3/2/2017,116,UTST
CRE_P02,s1v1,3/2/2017,116,SCOR
CRE_P02,s2v3,7/25/2017,580,SCOC
CRE_P02,s5v2,5/26/2018,1305,ASTI
CRE_P02,s4v2,1/23/2018,1015,BAMA
CRE_P02,s1v1,3/2/2017,116,UNKL
CRE_P02,s3v1,9/25/2017,785,UNKL
CRE_P02,s2v3,7/25/2017,580,SCOC
CRE_P02,s5v1,5/5/2018,1215,SCOC
CRE_P02,s5v1,5/5/2018,1215,SCOC
CRE_P02,s2v2,6/29/2017,487,UTST
CRE_P03,s2v1,6/16/2017,411,UTST
CRE_P03,s3v3,10/29/2017,723,UTST
CRE_P03,s3v3,10/29/2017,723,ASHY
CRE_P03,s2v1,6/16/2017,411,UNKL
CRE_P03,s2v1,6/16/2017,411,ASTI
CRE_P03,s2v1,6/16/2017,411,UTST
CRE_P03,s4v3,2/11/2018,913,UTST
CRE_P03,s3v2,10/10/2017,806,UTST
CRE_P03,s5v1,5/5/2018,1233,ASHY
CRE_P03,s3v2,10/10/2017,806,UTST
CRE_P03,s2v1,6/16/2017,411,UTST
CRE_P03,s5v2,5/26/2018,1304,ASHY
CRE_P03,s4v3,2/11/2018,913,UTST
CRE_P03,s1v3,4/27/2017,262,ASHY
CRE_P03,s4v3,2/11/2018,913,UTST
CRE_P03,s1v3,4/27/2017,262,UNKL
CRE_P03,s1v3,4/27/2017,262,UTST
CRE_P03,s5v2,5/26/2018,1304,ASHY
CRE_P04,s2v3,7/25/2017,582,ASHY
CRE_P04,s1v2,3/26/2017,210,SCOC
CRE_P04,s2v1,6/16/2017,410,AS??
CRE_P04,s1v2,3/26/2017,210,UNKL
CRE_P04,s5v1,5/5/2018,1234,ASTI
CRE_P04,s1v1,3/2/2017,118,BAMA
CRE_P04,s5v1,5/5/2018,1234,ASHY
CRE_P04,s5v1,5/5/2018,1234,UTST
CRE_P04,s4v3,2/11/2018,912,ASHY
CRE_P04,s4v3,2/11/2018,912,SCOC
CRE_P04,s2v3,7/25/2017,582,ASHY
CRE_P04,s5v2,5/26/2018,1303,SCOC
CRE_P04,s2v2,6/29/2017,481,ASHY
CRE_P04,s2v2,6/29/2017,481,ASHY
CRE_P04,s2v2,6/29/2017,481,UNKL
CRE_P04,s2v2,6/29/2017,481,ASHY
CRE_P04,s5v2,5/26/2018,1303,ASHY
CRE_P04,s2v1,6/16/2017,410,UNKL
CRE_P04,s5v2,5/26/2018,1303,UTST
CRE_P04,s2v1,6/16/2017,410,UNKL
CRE_P04,s4v3,2/11/2018,912,SCOC
CRE_P04,s2v1,6/16/2017,410,ASHY
CRE_P05,s1v3,4/27/2017,260,UTST
CRE_P05,s2v1,6/16/2017,409,UTST
CRE_P05,s2v1,6/16/2017,409,SCOC
CRE_P05,s1v2,3/26/2017,207,ASTI
CRE_P05,s1v2,3/26/2017,207,SCOC
CRE_P05,s1v2,3/26/2017,207,UNKL
CRE_P05,s4v2,1/23/2018,1093,BAMA
CRE_P05,s4v3,2/11/2018,911,ASHY
CRE_P05,s4v3,2/11/2018,911,ASTI
CRE_P05,s4v3,2/11/2018,911,BAMA
CRE_P05,s1v2,3/26/2017,207,SCOC
CRE_P05,s5v1,5/5/2018,1235,ASHY
CRE_P05,s2v1,6/16/2017,409,UTST
CRE_P05,s2v1,6/16/2017,409,ASTI
CRE_P05,s2v3,7/25/2017,583,SCOC
CRE_P05,s2v3,7/25/2017,583,ASTI
CRE_P05,s5v1,5/5/2018,1235,ASTI
CRE_P05,s5v1,5/5/2018,1235,UNKL
CRE_P05,s5v2,5/26/2018,1302,UNKL
CRE_P05,s5v1,5/5/2018,1235,ASHY
CRE_P05,s1v1,3/2/2017,117,UTST
CRE_P05,s5v1,5/5/2018,1235,ASHY
CRE_P05,s3v2,10/10/2017,807,ASTI
CRE_P05,s1v1,3/2/2017,117,UNKS
CRE_P05,s5v2,5/26/2018,1302,ASHY
CRE_P05,s1v1,3/2/2017,117,UTST
CRE_P06,s2v3,6/16/2017,408,SCOC
CRE_P06,s5v1,5/5/2018,1236,UTST
CRE_P06,s3v2,8/18/2017,669,ASHY
CRE_P06,s2v3,6/16/2017,408,SCOC
CRE_P06,s4v1,10/29/2017,726,ASHY
CRE_P06,s3v2,8/18/2017,669,ASHY
CRE_P06,s5v1,5/5/2018,1236,UTST
CRE_P06,s2v2,5/23/2017,358,ASTI
CRE_P06,s4v1,10/29/2017,726,ASTI
CRE_P06,s5v1,5/5/2018,1236,ASHY
CRE_P06,s2v2,5/23/2017,358,ASTI
CRE_P06,s3v2,8/18/2017,669,SCOC
HLC_P01,s4v1,11/2/2017,751,UTST
HLC_P01,s4v1,11/2/2017,751,ASHY
HLC_P01,s2v2,6/1/2017,424,PSRE
HLC_P01,s4v1,11/2/2017,751,UTST
HLC_P01,s4v3,12/17/2017,857,SCOC
HLC_P01,s5v2,5/29/2018,1318,SCOC
HLC_P01,s5v1,4/26/2018,1160,UTST
HLC_P01,s5v1,4/26/2018,1160,UTST
HLC_P01,s5v1,4/26/2018,1160,UTST
HLC_P01,s5v1,4/26/2018,1160,SCOC
HLC_P01,s3v1,8/3/2017,505,SCOC
HLC_P01,s3v1,8/3/2017,505,SCOC
HLC_P01,s3v1,8/3/2017,505,UNKL
HLC_P01,s2v1,4/24/2017,247,ANBO
HLC_P01,s1v3,3/7/2017,167,UTST
HLC_P01,s2v1,4/24/2017,247,ASHY
HLC_P01,s3v2,9/5/2017,691,UTST
HLC_P01,s3v2,9/5/2017,691,UNKL
HLC_P01,s2v3,6/14/2017,396,ASHY
HLC_P01,s2v3,6/14/2017,396,UTST
HLC_P01,s2v3,6/14/2017,396,ANBO
HLC_P01,s2v2,6/1/2017,424,ANBO
HLC_P01,s5v2,5/29/2018,1318,UTST
HLC_P01,s3v3,9/29/2017,634,ASHY
HLC_P01,s2v1,4/24/2017,247,SCOC
HLC_P02,s4v1,12/17/2017,858,UTST
HLC_P02,s4v2,2/7/2018,894,DIPU
HLC_P02,s1v2,4/11/2017,231,UTST
HLC_P02,s3v2,10/11/2017,810,UTST
HLC_P02,s4v3,2/16/2018,931,UTST
HLC_P02,s1v1,3/7/2017,170,UTST
HLC_P02,s3v2,10/11/2017,810,UTST
HLC_P02,s1v1,3/7/2017,170,UTST
HLC_P02,s3v2,10/11/2017,810,UTST
HLC_P02,s3v2,10/11/2017,810,UNKL
HLC_P02,s3v2,10/11/2017,810,UNKL
HLC_P02,s1v1,3/7/2017,170,UTST
HLC_P02,s3v2,10/11/2017,810,UNKL
HLC_P02,s2v2,7/5/2017,491,ASHY
HLC_P02,s1v1,3/7/2017,170,SCOC
HLC_P02,s5v1,4/26/2018,1158,UTST
HLC_P02,s3v1,9/29/2017,635,UTST
HLC_P02,s1v2,4/11/2017,231,UTST
HLC_P02,s3v1,9/29/2017,635,UTST
HLC_P02,s3v1,9/29/2017,635,UTST
HLC_P02,s3v1,9/29/2017,635,UTST
HLC_P02,s1v2,4/11/2017,231,UTST
HLC_P02,s1v2,4/11/2017,231,UNKL
HLC_P02,s1v3,4/24/2017,245,SCOR
HLC_P02,s1v3,4/24/2017,245,UTST
HLC_P02,s1v3,4/24/2017,245,UTST
HLC_P02,s1v2,4/11/2017,231,UTST
HLC_P02,s5v1,4/26/2018,1158,UTST
HLC_P02,s1v2,4/11/2017,231,UTST
HLC_P02,s5v1,4/26/2018,1158,UTST
HLC_P02,s5v1,4/26/2018,1158,UTST
HLC_P02,s5v1,4/26/2018,1158,COFL
HLC_P02,s5v1,4/26/2018,1158,SCOR
HLC_P02,s5v1,4/26/2018,1158,UTST
HLC_P02,s5v1,4/26/2018,1158,UTST
HLC_P02,s5v2,5/29/2018,1319,UTST
HLC_P02,s3v1,9/29/2017,635,ASHY
HLC_P02,s2v1,6/14/2017,397,ASHY
HLC_P02,s5v2,5/29/2018,1319,ASHY
HLC_P02,s5v2,5/29/2018,1319,UTST
HLC_P02,s1v3,4/24/2017,245,UTST
HLC_P02,s3v1,9/29/2017,635,UNKL
HLC_P02,s1v2,4/11/2017,231,UTST
HLC_P02,s3v3,11/2/2017,752,ASHY
HLC_P02,s3v1,9/29/2017,635,UTST
HLC_P02,s3v1,9/29/2017,635,UTST
HLC_P02,s3v1,9/29/2017,635,UNKL
HLC_P02,s3v3,11/2/2017,752,UNKL
HLC_P02,s3v3,11/2/2017,752,UTST
HLC_P02,s3v3,11/2/2017,752,UTST
HLC_P03,s4v2,2/7/2018,895,UTST
HLC_P03,s4v2,2/7/2018,895,UNKL
HLC_P03,s3v3,11/2/2017,753,UTST
HLC_P03,s3v3,11/2/2017,753,UTST
HLC_P03,s3v3,11/2/2017,753,UTST
HLC_P03,s2v3,8/3/2017,506,UNKL
HLC_P03,s1v1,3/7/2017,171,UTST
HLC_P03,s3v3,11/2/2017,753,ASHY
HLC_P03,s3v3,11/2/2017,753,ASHY
HLC_P03,s3v3,11/2/2017,753,ASHY
HLC_P03,s2v1,6/14/2017,398,ASHY
HLC_P03,s2v2,7/5/2017,492,ASHY
HLC_P03,s3v2,10/11/2017,809,ASHY
HLC_P03,s1v2,4/11/2017,230,UTST
HLC_P03,s3v2,10/11/2017,809,UNKL
HLC_P03,s1v2,4/11/2017,230,UTST
HLC_P03,s1v2,4/11/2017,230,ASHY
HLC_P03,s1v3,4/24/2017,246,UTST
HLC_P03,s3v1,9/29/2017,636,UNKL
HLC_P03,s3v1,9/29/2017,636,PHBL
HLC_P03,s3v2,10/11/2017,809,UTST
HLC_P03,s3v2,10/11/2017,809,UTST
HLC_P03,s3v2,10/11/2017,809,UTST
HLC_P03,s3v3,11/2/2017,753,UNKL
HLC_P03,s3v2,10/11/2017,809,UNKL
HLC_P03,s3v2,10/11/2017,809,UNKL
HLC_P03,s1v2,4/11/2017,230,UTST
HLC_P03,s5v1,4/26/2018,1159,ASHY
HLC_P03,s5v2,5/29/2018,1320,ASHY
HLC_P03,s5v1,4/26/2018,1159,ASHY
HLC_P03,s5v1,4/26/2018,1159,SCOC
HLC_P03,s5v1,4/26/2018,1159,SCOC
HLC_P03,s4v3,2/16/2018,932,SCOR
HLC_P03,s4v3,2/16/2018,932,SCOC
HLC_P03,s4v3,2/16/2018,932,UTST
HLC_P03,s3v1,9/29/2017,636,UTST
HLC_P04,s4v3,2/16/2018,933,UNKL
HLC_P04,s4v3,2/16/2018,933,SCOC
HLC_P04,s2v1,6/14/2017,399,UTST
HLC_P04,s3v2,10/11/2017,811,UNKL
HLC_P04,s4v3,2/16/2018,933,UTST
HLC_P04,s4v3,2/16/2018,933,ASHY
HLC_P04,s4v3,2/16/2018,933,ASHY
HLC_P04,s4v3,2/16/2018,933,UTST
HLC_P04,s4v3,2/16/2018,933,SCOC
HLC_P04,s2v3,8/3/2017,504,ASHY
HLC_P04,s4v3,2/16/2018,933,UNKL
HLC_P04,s1v1,3/7/2017,168,SCOC
HLC_P04,s1v1,3/7/2017,168,UTST
HLC_P04,s5v2,5/20/2018,1265,UNKL
HLC_P04,s1v2,4/11/2017,232,UTST
HLC_P04,s1v2,4/11/2017,232,UTST
HLC_P04,s1v2,4/11/2017,232,UTST
HLC_P04,s1v2,4/11/2017,232,UTST
HLC_P04,s3v3,11/2/2017,754,UTST
HLC_P04,s3v3,11/2/2017,754,ELMU
HLC_P04,s4v3,2/16/2018,933,AS??
HLC_P04,s4v2,2/7/2018,896,UTST
HLC_P04,s2v2,7/5/2017,499,ASHY
HLC_P04,s2v2,7/5/2017,499,UTST
HLC_P04,s4v3,2/16/2018,933,UTST
HLC_P04,s5v1,4/26/2018,1161,UTST
HLC_P04,s4v2,2/7/2018,896,UTST
HLC_P04,s5v1,4/26/2018,1161,UTST
HLC_P04,s4v2,2/7/2018,896,UTST
HLC_P04,s5v1,4/26/2018,1161,ASHY
HLC_P04,s5v1,4/26/2018,1161,UTST
HLC_P04,s5v1,4/26/2018,1161,UTST
HLC_P04,s4v2,2/7/2018,896,UTST
HLC_P05,s4v4,2/7/2018,893,UNKL
HLC_P05,s5v1,4/26/2018,1157,UNKL
HLC_P05,s2v3,6/14/2017,395,UNKL
HLC_P05,s1v3,3/7/2017,169,UNKL
HLC_P05,s2v1,4/24/2017,244,UNKL
HLC_P05,s5v1,4/26/2018,1157,PHBL
HLC_P05,s5v1,4/26/2018,1157,UTST
HLC_P05,s4v4,2/7/2018,893,UTST
HLC_P05,s5v1,4/26/2018,1157,UNKL
HLC_P05,s3v1,8/3/2017,507,UTST
HLC_P05,s5v1,4/26/2018,1157,ASHY
HLC_P05,s3v3,9/29/2017,638,UTST
HLC_P05,s2v3,6/14/2017,395,ASHY
HLC_P05,s2v3,6/14/2017,395,ASHY
HLC_P05,s2v3,6/14/2017,395,UTST
LPQ_P01,s1v1,1/27/2017,29,LACA
LPQ_P01,s1v1,1/27/2017,29,PSRE
LPQ_P01,s3v1,7/24/2017,576,ASHY
LPQ_P01,s1v3,3/13/2017,187,LACA
LPQ_P01,s1v3,3/13/2017,187,PLSK
LPQ_P01,s1v3,3/13/2017,187,UNKL
LPQ_P01,s1v3,3/13/2017,187,SCOC
LPQ_P02,s2v1,6/15/2017,403,SCOC
LPQ_P02,s4v3,2/9/2018,908,ELMU
LPQ_P02,s2v1,6/15/2017,403,SCOC
LPQ_P02,s4v3,2/9/2018,908,CROR
LPQ_P03,s2v3,7/22/2017,572,SCOC
LPQ_P03,s2v3,7/22/2017,572,SCOC
LPQ_P03,s4v3,2/9/2018,906,PLSK
LPQ_P03,s1v1,3/13/2017,184,ELMU
LPQ_P03,s5v1,5/8/2018,1231,ASHY
LPQ_P03,s1v3,4/25/2017,343,UNKL
LPQ_P03,s1v3,4/25/2017,343,UNKL
LPQ_P03,s5v2,5/17/2018,1245,THHA
LPQ_P03,s1v1,3/13/2017,184,PLSK
LPQ_P03,s2v1,6/15/2017,404,SCOC
LPQ_P03,s5v2,5/17/2018,1245,UTST
LPQ_P03,s2v1,6/15/2017,404,SCOC
LPQ_P04,s1v2,3/21/2017,198,UNKL
LPQ_P04,s2v1,6/15/2017,401,SCOC
LPQ_P04,s5v1,5/8/2018,1230,ASHY
LPQ_P04,s5v1,5/8/2018,1230,UNKL
LPQ_P04,s5v1,5/8/2018,1230,UTST
LPQ_P04,s5v1,5/8/2018,1230,SCOC
LPQ_P04,s1v1,3/13/2017,186,PLSK
LPQ_P04,s2v3,7/22/2017,573,UNKL
LPQ_P04,s5v1,5/8/2018,1230,ASHY
LPQ_P04,s4v3,2/9/2018,907,UNKL
LPQ_P04,s4v3,2/9/2018,907,PLSK
LPQ_P04,s4v2,1/18/2018,928,PLSK
LPQ_P05,s2v2,6/4/2017,430,SCOC
LPQ_P05,s1v2,2/10/2017,85,SCOC
LPQ_P05,s5v1,4/28/2018,1182,SCOC
LPQ_P05,s3v3,9/12/2017,699,UNKL
LPQ_P05,s5v1,4/28/2018,1182,SCOC
LPQ_P05,s2v1,4/27/2017,331,SCOC
LPQ_P05,s3v1,7/24/2017,575,SCOC
LPQ_P05,s2v2,6/4/2017,430,UNKL
LPQ_P05,s2v3,6/13/2017,391,SCOC
LPQ_P06,s4v3,12/16/2017,1005,ELMU
LPQ_P06,s4v2,11/19/2017,969,SCOC
LPQ_P07,s3v2,8/5/2017,519,UNKL
LPQ_P07,s4v1,10/31/2017,736,UNKA
LPQ_P07,s1v2,2/9/2017,82,PLSK
LPQ_P07,s3v1,7/19/2017,570,SCOC
LPQ_P07,s3v1,7/19/2017,570,SCOC
LPQ_P07,s2v3,6/13/2017,389,ASHY
LPQ_P07,s3v1,7/19/2017,570,SCOC
LPQ_P07,s3v2,8/5/2017,519,SCOC
LPQ_P07,s3v2,8/5/2017,519,SCOC
LPQ_P07,s4v2,11/19/2017,968,SCOC
LPQ_P07,s3v3,9/12/2017,696,SCOC
LPQ_P07,s3v3,9/12/2017,696,SCOC
LPQ_P07,s3v1,7/19/2017,570,SCOC
LPQ_P07,s4v3,12/16/2017,1004,SCOC
LPQ_P07,s5v1,4/28/2018,1179,SCOC
LPQ_P07,s1v2,2/9/2017,82,SCOC
LPQ_P07,s5v1,4/28/2018,1179,SCOC
LPQ_P07,s1v2,2/9/2017,82,SCOC
LPQ_P07,s5v2,5/30/2018,1325,SCOC
LPQ_P07,s1v1,1/27/2017,32,PLSK
LPQ_P07,s5v2,5/30/2018,1325,SCOC
LPQ_P08,s2v3,7/19/2017,571,SCOC
LPQ_P08,s1v3,4/26/2017,337,ASHY
LPQ_P08,s5v2,5/30/2018,1324,ASHY
LPQ_P08,s1v2,3/25/2017,206,SCOC
LPQ_P08,s2v3,7/19/2017,571,ASTI
LPQ_P08,s2v3,7/19/2017,571,UNKL
LPQ_P08,s4v1,10/31/2017,737,PICA
LPQ_P08,s5v2,5/30/2018,1324,SCOC
LPQ_P08,s2v2,7/4/2017,489,SCOC
LPQ_P08,s4v1,10/31/2017,737,SCOC
LPQ_P09,s2v2,7/4/2017,490,ASHY
LPQ_P09,s1v1,3/7/2017,176,BAMA
LPQ_P09,s2v1,6/13/2017,388,ASHY
LPQ_P09,s4v2,1/29/2018,1104,PSRE
LPQ_P09,s2v1,6/13/2017,388,UNKL
LPQ_P09,s1v2,3/29/2017,218,PHBL
LPQ_P09,s4v3,2/8/2018,900,UNKL
LPQ_P09,s1v3,4/26/2017,330,ASHY
LPQ_P09,s2v1,6/13/2017,388,ASHY
LPQ_P09,s1v2,3/29/2017,218,PHBL
LPQ_P10,s3v2,10/3/2017,793,UTST
LPQ_P10,s5v2,5/30/2018,1323,UNKL
LPQ_P10,s3v2,10/3/2017,793,UTST
LPQ_P10,s2v2,7/4/2017,493,UTST
LPQ_P10,s2v2,7/4/2017,493,UTST
LPQ_P10,s2v2,7/4/2017,493,SCOC
LPQ_P10,s2v2,7/4/2017,493,SCOC
LPQ_P10,s2v2,7/4/2017,493,SCOC
LPQ_P10,s2v2,7/4/2017,493,SCOC
LPQ_P10,s2v2,7/4/2017,493,SCOC
LPQ_P10,s2v2,7/4/2017,493,UTST
LPQ_P10,s2v2,7/4/2017,493,UNKL
LPQ_P10,s4v3,2/8/2018,901,ELMU
LPQ_P10,s2v1,6/13/2017,394,UNKL
LPQ_P10,s2v1,6/13/2017,394,ASTI
LPQ_P10,s3v1,9/26/2017,614,UTST
LPQ_P10,s5v2,5/30/2018,1323,SCOC
LPQ_P11,s4v2,12/10/2017,993,SCOC
LPQ_P11,s3v3,9/12/2017,698,UNKL
LPQ_P11,s1v1,2/1/2017,60,UTST
LPQ_P11,s2v2,5/4/2017,294,PICA
LPQ_P11,s5v2,5/17/2018,1248,ASHY
LPQ_P11,s1v3,3/13/2017,188,UNKL
LPQ_P12,s3v1,7/24/2017,578,ASHY
LPQ_P12,s1v1,1/27/2017,33,UTST
LPQ_P12,s4v4,2/8/2018,903,UNKL
MGM_P01,s3v1,10/2/2017,659,PHBL
MGM_P01,s1v2,4/25/2017,345,ASHY
MGM_P01,s1v2,4/25/2017,345,UTST
MGM_P01,s4v2,2/7/2018,1118,UNKL
MGM_P01,s3v1,10/2/2017,659,UTST
MGM_P01,s4v2,2/7/2018,1118,UNKL
MGM_P01,s4v2,2/7/2018,1118,UTST
MGM_P01,s2v1,6/21/2017,456,UNKL
MGM_P01,s4v2,2/7/2018,1118,UTST
MGM_P01,s1v2,4/25/2017,345,ASHY
MGM_P01,s1v2,4/25/2017,345,ASHY
MGM_P01,s4v2,2/7/2018,1118,UNKL
MGM_P01,s5v1,5/7/2018,1225,UNKL
MGM_P01,s5v2,5/29/2018,1317,UTST
MGM_P01,s4v3,2/14/2018,1134,UTST
MGM_P01,s1v1,3/9/2017,179,ASHY
MGM_P01,s1v1,3/9/2017,179,ASHY
MGM_P01,s2v3,8/8/2017,533,UNKL
MGM_P01,s2v3,8/8/2017,533,UTST
MGM_P01,s2v3,8/8/2017,533,ASHY
MGM_P01,s1v3,5/3/2017,289,ASHY
MGM_P01,s5v2,5/29/2018,1317,UNKL
MGM_P01,s3v2,10/23/2017,875,PLSK
MGM_P01,s2v2,7/18/2017,565,PHBL
MGM_P01,s2v2,7/18/2017,565,UNKL
MGM_P01,s3v2,10/23/2017,875,UNKL
MGM_P01,s1v3,5/3/2017,289,ASHY
MGM_P01,s1v3,5/3/2017,289,UTST
MGM_P01,s5v1,5/7/2018,1225,ASHY
MGM_P01,s4v2,2/7/2018,1118,COLA
MGM_P01,s4v1,1/12/2018,1073,UNKL
MGM_P02,s5v1,5/7/2018,1223,SCOC
MGM_P02,s1v3,5/3/2017,287,UTST
MGM_P02,s3v3,11/3/2017,757,ASHY
MGM_P02,s3v3,11/3/2017,757,ASHY
MGM_P02,s2v2,7/18/2017,563,ASHY
MGM_P02,s1v1,3/9/2017,177,UNKL
MGM_P02,s1v1,3/9/2017,177,UNKL
MGM_P02,s1v3,5/3/2017,287,UTST
MGM_P02,s1v3,5/3/2017,287,UTST
MGM_P02,s2v1,6/21/2017,457,SCOC
MGM_P02,s1v3,5/3/2017,287,UNKL
MGM_P02,s1v3,5/3/2017,287,UNKL
MGM_P02,s5v2,5/29/2018,1313,ASHY
MGM_P02,s5v2,5/29/2018,1313,ASHY
MGM_P02,s4v3,2/14/2018,1133,UTST
MGM_P02,s2v1,6/21/2017,457,UNKL
MGM_P02,s1v3,5/3/2017,287,PHBL
MGM_P02,s2v1,6/21/2017,457,UNKL
MGM_P02,s1v3,5/3/2017,287,UTST
MGM_P02,s2v1,6/21/2017,457,UNKL
MGM_P03,s2v1,6/21/2017,458,UNKL
MGM_P03,s2v3,8/8/2017,534,UNKL
MGM_P03,s2v3,8/8/2017,534,UTST
MGM_P03,s2v3,8/8/2017,534,UTST
MGM_P03,s2v2,7/18/2017,564,ASHY
MGM_P03,s2v2,7/18/2017,564,SCOC
MGM_P03,s2v1,6/21/2017,458,UNKL
MGM_P03,s3v2,10/23/2017,876,PHBL
MGM_P03,s3v2,10/23/2017,876,PHBL
MGM_P03,s3v2,10/23/2017,876,UTST
MGM_P03,s2v2,7/18/2017,564,UNKL
MGM_P03,s1v3,5/3/2017,288,COLA
MGM_P03,s1v2,4/25/2017,344,UNKL
MGM_P03,s1v2,4/25/2017,344,UNKL
MGM_P03,s2v3,8/8/2017,534,ASHY
MGM_P03,s1v2,4/25/2017,344,ASHY
MGM_P03,s5v2,5/29/2018,1314,UTST
MGM_P03,s5v2,5/29/2018,1314,UTST
MGM_P03,s5v2,5/29/2018,1314,UTST
MGM_P03,s5v2,5/29/2018,1314,PHBL
MGM_P03,s4v3,2/14/2018,1132,UTST
MGM_P03,s5v1,5/7/2018,1224,UTST
MGM_P03,s1v3,5/3/2017,288,UTST
MGM_P03,s1v3,5/3/2017,288,UTST
MGM_P03,s1v2,4/25/2017,344,PHBL
MGM_P03,s3v3,11/3/2017,756,UNKL
MGM_P03,s1v2,4/25/2017,344,UNKL
MGM_P03,s1v3,5/3/2017,288,SCOC
MGM_P03,s1v3,5/3/2017,288,UNKL
MGM_P03,s1v1,3/9/2017,178,SCOC
MGM_P03,s1v1,3/9/2017,178,ASHY
MGM_P03,s4v1,1/12/2018,1076,UNKL
MGM_P03,s4v1,1/12/2018,1076,UNKL
MGM_P03,s3v3,11/3/2017,756,UTST
MGM_P03,s3v3,11/3/2017,756,UTST
MGM_P03,s3v3,11/3/2017,756,ASHY
MGM_P03,s3v3,11/3/2017,756,ASHY
MGM_P03,s1v1,3/9/2017,178,ASHY
MGM_P03,s1v1,3/9/2017,178,UNKL
MGM_P03,s3v3,11/3/2017,756,ASHY
MGM_P03,s3v3,11/3/2017,756,UNKL
MGM_P03,s5v1,5/7/2018,1224,ASHY
MGM_P03,s1v2,4/25/2017,344,ASHY
MGM_P03,s1v2,4/25/2017,344,UTST
MGM_P03,s5v1,5/7/2018,1224,SCOC
MGM_P03,s5v1,5/7/2018,1224,UTST
MGM_P03,s1v2,4/25/2017,344,UTST
MGM_P03,s1v2,4/25/2017,344,UTST
MGM_P03,s1v2,4/25/2017,344,UTST
MGM_P03,s5v1,5/7/2018,1224,SCOC
MGM_P03,s1v2,4/25/2017,344,UTST
MGM_P04,s4v1,1/12/2018,1074,ANST
MGM_P04,s1v1,3/9/2017,180,ASHY
MGM_P04,s4v3,2/14/2018,1135,SCOC
MGM_P04,s1v2,4/11/2017,233,ASHY
MGM_P04,s5v2,5/28/2018,1316,SCOC
MGM_P04,s3v3,11/3/2017,759,ASHY
MGM_P04,s3v1,9/29/2017,641,UTST
MGM_P04,s1v1,3/9/2017,180,UNKL
MGM_P04,s5v1,5/7/2018,1226,ASHY
MGM_P04,s5v1,5/7/2018,1226,ASHY
MGM_P04,s2v1,6/21/2017,485,SCOC
MGM_P04,s3v1,9/29/2017,641,PICA
MGM_P05,s4v1,11/3/2017,755,ASTI
MGM_P05,s4v1,11/3/2017,755,ASHY
MGM_P05,s5v1,4/30/2018,1194,UTST
MGM_P05,s4v4,2/7/2018,897,UTST
MGM_P05,s2v2,6/1/2017,419,UTST
MGM_P05,s2v3,6/14/2017,400,UTST
MGM_P05,s4v4,2/7/2018,897,SCOC
MGM_P05,s3v3,9/27/2017,627,ASTI
MGM_P05,s5v2,5/28/2018,1315,ASHY
MGM_P05,s5v2,5/28/2018,1315,UTST
MGM_P05,s5v2,5/28/2018,1315,UTST
MGM_P05,s3v1,8/7/2017,532,UNKL
MGM_P05,s4v4,2/7/2018,897,ASTI
MGM_P05,s2v1,4/30/2017,276,ASTI
MGM_P06,s5v2,5/25/2018,1298,ASHY
MGM_P06,s5v2,5/25/2018,1298,PHBL
MGM_P06,s5v2,5/25/2018,1298,SCOR
MGM_P06,s5v2,5/25/2018,1298,UTST
MGM_P06,s1v2,2/2/2017,65,UNKL
MGM_P06,s1v2,2/2/2017,65,UNKL
MGM_P06,s5v2,5/25/2018,1298,UTST
MGM_P06,s5v2,5/25/2018,1298,UTST
MGM_P06,s2v1,5/3/2017,290,UNKL
MGM_P06,s2v1,5/3/2017,290,SCOR
MGM_P06,s2v2,6/1/2017,421,PHBL
MGM_P06,s5v1,5/7/2018,1228,UTST
MGM_P06,s5v1,5/7/2018,1228,UTST
MGM_P06,s5v1,5/7/2018,1228,ASHY
MGM_P06,s2v2,6/1/2017,421,ASHY
MGM_P06,s2v2,6/1/2017,421,ASHY
MGM_P06,s2v2,6/1/2017,421,UNKS
MGM_P06,s2v1,5/3/2017,290,UNKL
MGM_P06,s3v1,8/9/2017,544,UTST
MGM_P06,s3v3,9/29/2017,640,ASHY
MGM_P06,s3v2,8/21/2017,673,ASHY
MGM_P06,s3v2,8/21/2017,673,UNKL
MGM_P06,s4v1,11/21/2017,971,UNKL
MGM_P06,s3v3,9/29/2017,640,UTST
MGM_P06,s3v1,8/9/2017,544,UTST
MGM_P07,s2v1,5/3/2017,291,ASHY
MGM_P07,s2v2,6/1/2017,422,PHBL
MGM_P07,s2v2,6/1/2017,422,ASTI
MGM_P07,s2v2,6/1/2017,422,ASTI
MGM_P07,s2v2,6/1/2017,422,UTST
MGM_P07,s2v2,6/1/2017,422,ASHY
MGM_P07,s1v3,3/2/2017,111,UNKL
MGM_P07,s1v3,3/2/2017,111,UNKL
MGM_P07,s2v1,5/3/2017,291,ASHY
MGM_P07,s3v3,9/29/2017,639,UTST
MGM_P07,s2v2,6/1/2017,422,UNKL
MGM_P07,s3v3,9/29/2017,639,UTST
MGM_P07,s4v1,11/21/2017,972,UNKL
MGM_P07,s3v3,9/29/2017,639,UNKL
MGM_P07,s5v2,5/25/2018,1297,UTST
MGM_P07,s3v3,9/29/2017,639,UNKL
MGM_P07,s2v1,5/3/2017,291,UNKL
MGM_P07,s1v3,3/2/2017,111,UTST
MGM_P07,s5v1,5/7/2018,1227,ASHY
MGM_P07,s3v2,8/21/2017,672,UNKL
MGM_P07,s5v1,5/7/2018,1227,UNKL
MGM_P07,s2v1,5/3/2017,291,ASHY
MGM_P07,s3v1,8/9/2017,543,PHBL
MGM_P07,s2v3,6/15/2017,446,ASHY
MGM_P07,s1v2,2/2/2017,66,UNKL
MGM_P07,s5v1,5/7/2018,1227,ASHY
MGM_P07,s5v1,5/7/2018,1227,ASHY
MGM_P07,s2v2,6/1/2017,422,ASHY
MGM_P08,s2v2,6/1/2017,420,UTST
MGM_P08,s5v1,5/7/2018,1229,SCOC
MGM_P08,s5v2,5/25/2018,1299,UTST
MGM_P08,s5v1,5/7/2018,1229,PHBL
MTR_P01,s5v2,5/22/2018,1277,SCOC
MTR_P01,s5v2,5/22/2018,1277,SCOC
MTR_P01,s5v2,5/22/2018,1277,SCOC
MTR_P01,s3v2,8/22/2017,660,UNKL
MTR_P01,s5v2,5/22/2018,1277,SCOC
MTR_P01,s5v1,4/27/2018,1175,SCOC
MTR_P01,s5v1,4/27/2018,1175,SCOC
MTR_P01,s2v1,5/2/2017,312,ASHY
MTR_P01,s5v2,5/22/2018,1277,SCOC
MTR_P01,s3v1,8/9/2017,541,SCOC
MTR_P01,s2v2,5/17/2017,304,UNKL
MTR_P01,s2v3,6/17/2017,415,ASHY
MTR_P01,s2v1,5/2/2017,312,SCOC
MTR_P01,s2v1,5/2/2017,312,SCOC
MTR_P01,s3v2,8/22/2017,660,ASHY
MTR_P01,s5v1,4/27/2018,1175,SCOC
MTR_P01,s1v1,1/27/2017,34,BAMA
MTR_P01,s1v3,3/1/2017,105,BAMA
MTR_P01,s1v3,3/1/2017,105,BAMA
MTR_P01,s1v3,3/1/2017,105,SCOC
MTR_P01,s5v2,5/22/2018,1277,ASHY
MTR_P01,s1v2,2/4/2017,71,BAMA
MTR_P01,s1v2,2/4/2017,71,BAMA
MTR_P01,s1v2,2/4/2017,71,BAMA
MTR_P01,s1v3,3/1/2017,105,BAMA
MTR_P01,s1v2,2/4/2017,71,BAMA
MTR_P01,s2v3,6/17/2017,415,SCOC
MTR_P01,s1v1,1/27/2017,34,BAMA
MTR_P01,s1v1,1/27/2017,34,BAMA
MTR_P01,s2v3,6/17/2017,415,SCOC
MTR_P01,s2v3,6/17/2017,415,ASHY
MTR_P01,s3v1,8/9/2017,541,SCOC
MTR_P01,s3v1,8/9/2017,541,SCOC
MTR_P01,s3v1,8/9/2017,541,UNKL
MTR_P01,s3v1,8/9/2017,541,UNKL
MTR_P01,s1v2,2/4/2017,71,BAMA
MTR_P01,s5v2,5/22/2018,1277,UNKL
MTR_P01,s4v1,11/9/2017,953,SCOC
MTR_P01,s1v2,2/4/2017,71,BAMA
MTR_P01,s2v3,6/17/2017,415,ASHY
MTR_P01,s5v2,5/22/2018,1277,UNKL
MTR_P01,s2v3,6/17/2017,415,AS??
MTR_P01,s1v3,3/1/2017,105,BAMA
MTR_P01,s5v2,5/22/2018,1277,ASHY
MTR_P01,s1v3,3/1/2017,105,BAMA
MTR_P01,s1v3,3/1/2017,105,BAMA
MTR_P01,s1v3,3/1/2017,105,BAMA
MTR_P01,s4v2,12/1/2017,974,ASHY
MTR_P02,s5v1,4/27/2018,1174,SCOC
MTR_P02,s5v1,4/27/2018,1174,SCOC
MTR_P02,s5v1,4/27/2018,1174,SCOC
MTR_P02,s5v1,4/27/2018,1174,SCOC
MTR_P02,s5v1,4/27/2018,1174,SCOC
MTR_P02,s5v1,4/27/2018,1174,SCOC
MTR_P02,s5v2,5/22/2018,1276,SCOC
MTR_P02,s2v3,6/17/2017,414,SCOC
MTR_P02,s3v2,8/22/2017,661,SCOC
MTR_P02,s3v2,8/22/2017,661,ASHY
MTR_P02,s3v1,8/9/2017,542,SCOC
MTR_P02,s5v2,5/22/2018,1276,SCOC
MTR_P02,s2v2,5/17/2017,303,SCOC
MTR_P02,s2v2,5/17/2017,303,SCOC
MTR_P02,s2v2,5/17/2017,303,SCOC
MTR_P02,s2v2,5/17/2017,303,SCOC
MTR_P02,s5v2,5/22/2018,1276,ASHY
MTR_P02,s2v3,6/17/2017,414,SCOC
MTR_P02,s3v1,8/9/2017,542,UNKL
MTR_P02,s2v3,6/17/2017,414,ASHY
MTR_P02,s1v2,2/4/2017,72,UNKL
MTR_P02,s2v1,5/2/2017,313,SCOC
MTR_P02,s1v2,2/4/2017,72,UTST
MTR_P02,s4v1,11/9/2017,958,SCOC
MTR_P02,s4v2,12/1/2017,975,SCOC
MTR_P02,s1v3,3/1/2017,106,SCOC
MTR_P03,s3v2,8/22/2017,676,CROR
MTR_P03,s2v2,5/17/2017,305,UNKL
MTR_P03,s5v2,5/30/2018,1322,SCOC
MTR_P03,s5v1,4/27/2018,1173,SCOC
MTR_P03,s5v1,4/27/2018,1173,UTST
MTR_P04,s5v1,4/27/2018,1170,ASTI
MTR_P04,s1v3,5/1/2017,279,ASHY
MTR_P04,s5v1,4/27/2018,1170,ASHY
MTR_P04,s5v2,5/25/2018,1296,SCOC
MTR_P04,s5v2,5/25/2018,1296,SCOC
MTR_P04,s5v2,5/25/2018,1296,COLA
MTR_P05,s5v1,4/27/2018,1171,UTST
MTR_P05,s5v1,4/27/2018,1171,UTST
MTR_P05,s5v1,4/27/2018,1171,UTST
MTR_P05,s5v1,4/27/2018,1171,SCOC
MTR_P06,s2v1,5/1/2017,278,ASHY
MTR_P06,s3v1,8/8/2017,539,UTST
MTR_P06,s3v1,8/8/2017,539,COVA
MTR_P06,s3v2,8/22/2017,663,COLA
MTR_P06,s2v1,5/1/2017,278,UTST
MTR_P07,s1v2,2/15/2017,89,SCOR
MTR_P07,s2v1,5/2/2017,284,SCOC
MTR_P07,s1v3,3/1/2017,103,UTST
MTR_P07,s1v3,3/1/2017,103,SCOC
MTR_P07,s5v1,5/4/2018,1213,SCOC
MTR_P07,s2v1,5/2/2017,284,SCOC
MTR_P07,s2v1,5/2/2017,284,SCOC
MTR_P07,s2v1,5/2/2017,284,SCOC
MTR_P07,s2v1,5/2/2017,284,ASHY
MTR_P07,s2v2,5/18/2017,308,UNKL
MTR_P07,s2v2,5/18/2017,308,UTST
MTR_P07,s3v3,9/13/2017,701,SCOC
MTR_P07,s3v3,9/13/2017,701,SCOC
MTR_P07,s2v1,5/2/2017,284,SCOR
MTR_P07,s2v2,5/18/2017,308,ASHY
MTR_P08,s1v2,2/15/2017,88,ASHY
MTR_P09,s4v2,1/27/2018,1097,PLGI
MTR_P09,s5v1,4/27/2018,1169,PICA
MTR_P10,s2v1,6/12/2017,384,UTST
MTR_P10,s1v2,3/29/2017,221,PLGI
MTR_P10,s3v1,9/30/2017,644,UTST
MTR_P10,s4v2,1/27/2018,1098,SCOC
MTR_P11,s5v1,4/27/2018,1167,UNKL
MTR_P11,s1v2,3/29/2017,208,UTST
MTR_P11,s5v1,4/27/2018,1167,UNKL
MTR_P11,s1v2,3/29/2017,208,UTST
MTR_P11,s2v3,8/10/2017,548,UTST
MTR_P11,s1v2,3/29/2017,208,UTST
MTR_P11,s5v2,5/25/2018,1293,SCOC
MTR_P11,s3v3,11/2/2017,940,SCOC
MTR_P11,s4v2,1/27/2018,1099,SCOC
MTR_P11,s2v1,6/12/2017,387,UTST
MTR_P11,s4v3,2/13/2018,1130,UTST
MTR_P12,s2v2,7/6/2017,500,ASHY
MTR_P12,s3v1,9/30/2017,642,UTST
MTR_P12,s2v2,7/6/2017,500,SCOC
MTR_P12,s2v2,7/6/2017,500,UNKL
MTR_P12,s5v1,4/27/2018,1166,SCOC
MTR_P12,s2v3,8/10/2017,547,UTST
MTR_P12,s1v2,3/29/2017,209,UTST
MTR_P12,s2v1,6/12/2017,386,ASHY
MTR_P12,s1v2,3/29/2017,209,SCOC
MTR_P12,s1v3,5/1/2017,280,ASHY
MTR_P12,s1v1,3/4/2017,128,SCOC
MTR_P12,s1v2,3/29/2017,209,UTST
RGR_P01,s2v1,6/8/2017,365,SCOR
RGR_P01,s2v1,6/8/2017,365,SCOC
RGR_P01,s4v2,2/2/2018,1031,SCOC
RGR_P01,s1v1,2/21/2017,96,UTST
RGR_P01,s1v1,2/21/2017,96,SCOC
RGR_P01,s1v1,2/21/2017,96,SCOR
RGR_P01,s1v1,2/21/2017,96,BAMA
RGR_P01,s3v2,10/22/2017,1012,SCOC
RGR_P01,s3v1,9/26/2017,719,SCOC
RGR_P01,s1v3,4/19/2017,236,SCOR
RGR_P01,s5v1,5/6/2018,1216,SCOC
RGR_P01,s4v3,2/9/2018,1129,SCOC
RGR_P01,s5v1,5/6/2018,1216,SCOC
RGR_P01,s3v1,9/26/2017,719,SCOC
RGR_P01,s2v2,6/25/2017,450,SCOC
RGR_P01,s2v3,8/1/2017,596,SCOC
RGR_P01,s2v3,8/1/2017,596,SCOR
RGR_P02,s5v1,5/6/2018,1217,UTST
RGR_P02,s1v1,2/21/2017,97,PSRE
RGR_P02,s1v3,4/19/2017,237,UTST
RGR_P02,s2v1,6/8/2017,366,ANST
RGR_P02,s1v2,3/3/2017,120,PLSK
RGR_P03,s5v1,5/6/2018,1218,ASTI
RGR_P03,s3v2,9/2/2017,1024,THHA
RGR_P03,s5v2,5/18/2018,1253,UTST
RGR_P03,s3v2,9/2/2017,1024,UNKL
RGR_P03,s1v3,3/3/2017,121,SCOC
RGR_P03,s4v3,12/17/2017,1010,
RGR_P03,s3v2,9/2/2017,1024,UNKL
RGR_P03,s5v1,5/6/2018,1218,ASTI
RGR_P04,s4v3,12/17/2017,1009,UNKL
RGR_P04,s3v2,9/2/2017,1025,ASTI
RGR_P04,s5v2,5/18/2018,1252,ASTI
RGR_P04,s2v3,6/8/2017,367,CROR
RGR_P04,s5v2,5/18/2018,1252,ASHY
RGR_P04,s3v2,9/2/2017,1025,UTST
RGR_P04,s2v3,6/8/2017,367,PL??
RGR_P04,s3v3,9/26/2017,781,UNKL
SDW_P01,s2v2,5/19/2017,346,ASHY
SDW_P01,s2v2,5/19/2017,346,UNKL
SDW_P01,s5v1,4/30/2018,1195,UTST
SDW_P01,s5v1,4/30/2018,1195,UTST
SDW_P01,s3v1,8/7/2017,531,ASHY
SDW_P01,s3v1,8/7/2017,531,UTST
SDW_P01,s5v2,5/23/2018,1286,UTST
SDW_P02,s1v3,3/6/2017,164,UTST
SDW_P02,s3v2,9/6/2017,693,ASHY
SDW_P02,s1v2,1/31/2017,57,UTST
SDW_P02,s3v2,9/6/2017,693,UNKL
SDW_P02,s2v2,5/19/2017,347,ASHY
SDW_P02,s1v1,1/15/2017,6,UTST
SDW_P02,s5v2,5/23/2018,1285,UTST
SDW_P02,s5v2,5/23/2018,1285,ASHY
SDW_P02,s5v2,5/23/2018,1285,ASHY
SDW_P03,s5v1,5/4/2018,1206,UTST
SDW_P03,s4v3,2/15/2018,925,UTST
SDW_P04,s4v3,2/15/2018,924,PLSK
SDW_P04,s1v1,3/5/2017,159,UTST
SDW_P04,s1v1,3/5/2017,159,UNKL
SDW_P04,s5v2,5/23/2018,1280,SCOC
SDW_P04,s5v2,5/23/2018,1280,SCOC
SDW_P04,s5v2,5/23/2018,1280,SCOC
SDW_P04,s3v2,10/12/2017,816,UTST
SDW_P04,s5v2,5/23/2018,1280,SCOC
SDW_P04,s5v2,5/23/2018,1280,SCOC
SDW_P04,s4v2,2/6/2018,1109,PLSK
SDW_P04,s5v2,5/23/2018,1280,SCOC
SDW_P04,s4v3,2/15/2018,924,UTST
SDW_P04,s5v2,5/23/2018,1280,SCOC
SDW_P04,s5v2,5/23/2018,1280,SCOC
SDW_P04,s5v1,5/4/2018,1207,SCOC
SDW_P04,s5v1,5/4/2018,1207,UTST
SDW_P04,s5v1,5/4/2018,1207,SCOC
SDW_P04,s5v1,5/4/2018,1207,UNKL
SDW_P04,s4v2,2/6/2018,1109,PLSK
SDW_P04,s5v1,5/4/2018,1207,SCOC
SDW_P04,s5v1,5/4/2018,1207,SCOC
SDW_P04,s5v1,5/4/2018,1207,SCOC
SDW_P05,s5v1,5/4/2018,1208,UTST
SDW_P05,s3v2,10/12/2017,813,SCOR
SDW_P05,s1v3,4/25/2017,251,SCOC
SDW_P05,s4v3,2/15/2018,923,PLSK
SDW_P05,s3v2,10/12/2017,813,ASTI
SDW_P05,s3v2,10/12/2017,813,UTST
SDW_P05,s3v1,9/28/2017,632,SCOC
SDW_P05,s2v3,8/4/2017,512,UTST
SDW_P05,s3v3,11/1/2017,746,UTST
SDW_P05,s4v2,2/6/2018,1114,PLSK
SDW_P05,s4v2,2/6/2018,1114,UTST
SDW_P06,s4v2,2/6/2018,1113,UTST
SDW_P06,s3v2,10/12/2017,817,ASHY
SDW_P06,s5v1,5/4/2018,1209,SCOC
SDW_P06,s3v2,10/12/2017,817,UTST
SDW_P06,s4v3,2/15/2018,922,UTST
SDW_P06,s1v1,3/5/2017,158,UTST
SDW_P06,s3v2,10/12/2017,817,UNKL
SDW_P06,s2v3,8/4/2017,510,UTST
SDW_P06,s2v1,6/18/2017,463,UNKL
SDW_P06,s2v1,6/18/2017,463,UNKL
SDW_P06,s3v1,9/28/2017,631,ASHY
SDW_P06,s2v2,7/1/2017,484,ASHY
SDW_P06,s5v2,5/23/2018,1279,UNKL
SDW_P06,s1v2,4/7/2017,228,UTST
SDW_P07,s3v2,10/12/2017,814,PLSK
SDW_P07,s3v2,10/12/2017,814,PLSK
SDW_P07,s1v1,3/5/2017,160,UTST
SDW_P07,s4v2,2/6/2018,1116,UTST
SDW_P07,s3v2,10/12/2017,814,UTST
SDW_P07,s1v2,4/5/2017,226,UNKL
SDW_P07,s3v1,9/28/2017,628,UNKL
SDW_P08,s5v2,5/23/2018,1283,SCOC
SDW_P08,s3v2,10/12/2017,815,UNKL
SDW_P08,s5v2,5/23/2018,1283,UNKL
SDW_P08,s5v2,5/23/2018,1283,LACA
SDW_P08,s1v1,3/5/2017,155,UTST
SDW_P08,s5v2,5/23/2018,1283,UTST
SDW_P08,s1v1,3/5/2017,155,UTST
SDW_P08,s4v1,1/11/2018,1070,UTST
SDW_P08,s4v1,1/11/2018,1070,UTST
SDW_P08,s2v2,7/1/2017,480,SCOR
SDW_P08,s2v2,7/1/2017,480,UTST
SDW_P08,s5v2,5/23/2018,1283,UTST
SDW_P08,s2v2,7/1/2017,480,UTST
SDW_P08,s3v1,9/28/2017,629,UTST
SDW_P09,s1v3,2/28/2017,100,PLSK
SDW_P09,s1v2,1/28/2017,40,ANST
SDW_P09,s2v3,6/13/2017,459,ANST
SDW_P09,s3v1,8/26/2017,1027,CROR
SDW_P09,s5v1,4/23/2018,1139,PLSK
SDW_P09,remove,8/5/2017,516,ASHY
SDW_P09,s1v1,1/15/2017,8,ANST
SDW_P10,s2v1,4/28/2017,266,ASHY
SDW_P10,s3v3,9/27/2017,622,UNKL
SDW_P10,s3v3,9/27/2017,622,ASHY
SDW_P10,s3v1,8/5/2017,517,ASHY
SDW_P10,s5v1,4/23/2018,1140,SCOC
SDW_P10,s2v1,4/28/2017,266,ASHY
SDW_P10,s3v3,9/27/2017,622,ASHY
SDW_P11,s5v1,4/23/2018,1138,ANST
SDW_P11,s2v1,4/28/2017,267,UNKL
SDW_P11,s3v2,8/27/2017,1030,UNKL
SDW_P11,s5v1,4/23/2018,1138,ANST
SDW_P11,s2v3,6/13/2017,442,ASHY
SDW_P11,s5v1,4/23/2018,1138,PLSK
SDW_P11,s5v2,5/23/2018,1284,PLSK
SDW_P11,s2v2,5/15/2017,300,UNKL
SDW_P11,s5v2,5/23/2018,1284,CROR
SDW_P11,s5v2,5/23/2018,1284,SCOC
SDW_P11,s2v1,4/28/2017,267,HYOC
SDW_P11,s2v2,5/15/2017,300,UNKL
SDW_P11,s2v3,6/13/2017,442,SCOC
SDW_P11,s3v1,8/5/2017,515,SCOC
SDW_P11,s3v1,8/5/2017,515,SCOC
SDW_P11,s4v4,2/13/2018,916,PLSK
SDW_P11,s4v4,2/13/2018,916,PLSK
SDW_P11,s3v1,8/5/2017,515,SCOC
SDW_P11,s3v1,8/5/2017,515,UNKL
SDW_P12,s5v1,4/30/2018,1197,UNKL
SDW_P12,s4v1,11/1/2017,749,UTST
SDW_P12,s4v2,12/12/2017,1006,UNKL
SDW_P12,s3v1,8/5/2017,514,UTST
SDW_P12,s1v1,1/21/2017,23,UTST
SDW_P12,s1v3,2/28/2017,102,UTST
SDW_P12,s3v3,9/27/2017,623,UTST
SDW_P12,s1v2,2/2/2017,64,UTST
SVH_P01,s1v1,3/6/2017,162,PLSK
SVH_P01,s3v1,10/1/2017,652,UTST
SVH_P01,s1v1,3/6/2017,162,PLSK
SVH_P01,s4v2,1/28/2018,1101,UNKL
SVH_P01,s4v1,1/13/2018,1079,UTST
SVH_P01,s4v1,1/13/2018,1079,UTST
SVH_P01,s3v1,10/1/2017,652,UTST
SVH_P01,s4v2,1/28/2018,1101,UNKL
SVH_P01,s1v1,3/6/2017,162,PLGI
SVH_P01,s5v1,4/29/2018,1186,UTST
SVH_P01,s5v1,4/29/2018,1186,UNKL
SVH_P01,s5v1,4/29/2018,1186,UTST
SVH_P01,s5v2,5/27/2018,1310,ASTI
SVH_P01,s5v2,5/27/2018,1310,ASTI
SVH_P01,s5v2,5/27/2018,1310,UTST
SVH_P01,s5v2,5/27/2018,1310,UTST
SVH_P01,s5v2,5/27/2018,1310,UTST
SVH_P01,s5v2,5/27/2018,1310,UNKL
SVH_P01,s3v2,10/27/2017,877,UNKL
SVH_P01,s3v2,10/27/2017,877,UNKL
SVH_P01,s3v1,10/1/2017,652,UNKL
SVH_P01,s3v2,10/27/2017,877,UTST
SVH_P01,s1v2,3/30/2017,212,UTST
SVH_P01,s1v2,3/30/2017,212,UTST
SVH_P01,s3v1,10/1/2017,652,UTST
SVH_P01,s3v1,10/1/2017,652,UTST
SVH_P01,s3v1,10/1/2017,652,UTST
SVH_P01,s3v1,10/1/2017,652,UTST
SVH_P01,s3v1,10/1/2017,652,UTST
SVH_P01,s3v1,10/1/2017,652,UNKL
SVH_P01,s5v2,5/27/2018,1310,AS??
SVH_P01,s2v3,7/31/2017,593,UNKL
SVH_P01,s2v2,7/11/2017,560,UTST
SVH_P01,s1v3,4/30/2017,273,UNKL
SVH_P01,s1v3,4/30/2017,273,UTST
SVH_P01,s1v3,4/30/2017,273,UTST
SVH_P01,s1v3,4/30/2017,273,UTST
SVH_P01,s2v2,7/11/2017,560,UNKL
SVH_P01,s4v1,1/13/2018,1079,UTST
SVH_P01,s1v3,4/30/2017,273,UTST
SVH_P01,s4v1,1/13/2018,1079,UNKL
SVH_P01,s1v3,4/30/2017,273,UNKL
SVH_P01,s1v3,4/30/2017,273,UTST
SVH_P01,s2v3,7/31/2017,593,UNKL
SVH_P01,s2v1,6/27/2017,469,ASTI
SVH_P01,s2v1,6/27/2017,469,SCOC
SVH_P01,s4v2,1/28/2018,1101,UTST
SVH_P01,s2v1,6/27/2017,469,SCOC
SVH_P01,s1v3,4/30/2017,273,UNKL
SVH_P01,s1v3,4/30/2017,273,ASTI
SVH_P01,s1v3,4/30/2017,273,UNKL
SVH_P01,s3v2,10/27/2017,877,UTST
SVH_P01,s2v2,7/11/2017,560,UTST
SVH_P01,s5v1,4/29/2018,1186,UTST
SVH_P02,s1v3,4/30/2017,274,UNKL
SVH_P02,s1v3,4/30/2017,274,UNKL
SVH_P02,s5v1,4/29/2018,1185,PLSK
SVH_P02,s1v3,4/30/2017,274,UNKL
SVH_P02,s1v3,4/30/2017,274,UNKA
SVH_P02,s3v1,10/1/2017,651,UTST
SVH_P02,s1v2,3/30/2017,213,UNKA
SVH_P02,s1v2,3/30/2017,213,UTST
SVH_P02,s1v3,4/30/2017,274,UTST
SVH_P02,s1v3,4/30/2017,274,UTST
SVH_P02,s5v2,5/27/2018,1311,UNKL
SVH_P02,s3v1,10/1/2017,651,ASHY
SVH_P02,s1v3,4/30/2017,274,ASHY
SVH_P02,s1v2,3/30/2017,213,UTST
SVH_P02,s2v1,6/27/2017,470,UNKL
SVH_P02,s5v2,5/27/2018,1311,UNKL
SVH_P02,s2v3,7/31/2017,594,UNKL
SVH_P02,s2v3,7/31/2017,594,UTST
SVH_P02,s2v3,7/31/2017,594,UNKL
SVH_P02,s4v1,1/13/2018,1080,UTST
SVH_P02,s3v1,10/1/2017,651,UNKL
SVH_P02,s1v2,3/30/2017,213,SCOC
SVH_P02,s1v3,4/30/2017,274,UTST
SVH_P02,s5v2,5/27/2018,1311,UTST
SVH_P02,s5v1,4/29/2018,1185,ASTI
SVH_P02,s1v3,4/30/2017,274,UTST
SVH_P02,s1v3,4/30/2017,274,UTST
SVH_P03,s3v3,11/5/2017,771,UTST
SVH_P03,s3v3,11/5/2017,771,UTST
SVH_P03,s2v1,6/27/2017,471,ASHY
SVH_P03,s2v1,6/27/2017,471,LACA
SVH_P03,s2v2,7/11/2017,562,SCOR
SVH_P03,s3v3,11/5/2017,771,UTST
SVH_P03,s4v3,2/19/2018,937,PLSK
SVH_P03,s3v3,11/5/2017,771,UTST
SVH_P03,s5v1,4/29/2018,1184,UTST
SVH_P03,s1v1,3/6/2017,161,PLSK
SVH_P03,s1v1,3/6/2017,161,PLSK
SVH_P03,s2v1,6/27/2017,471,UNKL
SVH_P03,s4v1,1/13/2018,1077,UNKL
SVH_P03,s4v2,1/28/2018,1103,PSRE
SVH_P03,s5v1,4/29/2018,1184,ASHY
SVH_P03,s1v3,4/30/2017,275,ASTI
SVH_P03,s5v1,4/29/2018,1184,UTST
SVH_P03,s1v3,4/30/2017,275,UNKL
SVH_P03,s5v1,4/29/2018,1184,UNKL
SVH_P03,s1v2,3/30/2017,222,SCOC
SVH_P03,s1v2,3/30/2017,222,SCOC
SVH_P03,s5v1,4/29/2018,1184,UNKL
SVH_P03,s1v1,3/6/2017,161,PLGI
SVH_P03,s1v3,4/30/2017,275,UTST
SVH_P03,s5v2,5/27/2018,1312,UNKL
SVH_P03,s5v1,4/29/2018,1184,UNKL
SVH_P03,s5v1,4/29/2018,1184,UTST
SYC_P01,s4v1,10/30/2017,733,UTST
SYC_P01,s4v1,10/30/2017,733,UTST
SYC_P01,s3v3,9/19/2017,707,UTST
SYC_P01,s1v3,3/3/2017,150,PLSK
SYC_P01,s3v3,9/19/2017,707,UTST
SYC_P02,s3v2,8/11/2017,554,UTST
SYC_P02,s3v2,8/11/2017,554,UNKL
SYC_P02,s3v2,8/11/2017,554,ASHY
SYC_P02,s3v2,8/11/2017,554,UTST
SYC_P02,s3v2,8/11/2017,554,UTST
SYC_P02,s3v1,7/31/2017,590,UTST
SYC_P02,s5v2,5/21/2018,1268,UTST
SYC_P02,s4v1,10/30/2017,732,CROR
SYC_P02,s4v1,10/30/2017,732,SCOC
SYC_P02,s2v2,5/23/2017,360,ASHY
SYC_P02,s4v1,10/30/2017,732,UTST
SYC_P03,s2v1,4/28/2017,328,UTST
SYC_P03,s3v3,9/19/2017,709,UTST
SYC_P03,s2v2,5/23/2017,359,ASHY
SYC_P03,s3v2,8/11/2017,555,ASHY
SYC_P03,s4v2,12/2/2017,980,SCOC
SYC_P03,s4v2,12/2/2017,980,SCOC
SYC_P03,s4v3,12/14/2017,838,UTST
SYC_P04,s3v1,7/31/2017,592,UNKL
SYC_P04,s5v1,4/25/2018,1154,PHBL
SYC_P04,s3v2,8/11/2017,552,UNKL
SYC_P04,s3v2,8/11/2017,552,PHBL
SYC_P04,s3v1,7/31/2017,592,ASTI
SYC_P04,s4v3,12/14/2017,833,UTST
SYC_P04,s3v3,9/19/2017,708,PHBL
SYC_P04,s2v1,4/28/2017,321,LACA
SYC_P04,s5v1,4/25/2018,1154,PLGI
SYC_P04,s3v2,8/11/2017,552,UTST
SYC_P05,s2v1,6/11/2017,378,ASHY
SYC_P05,s2v1,6/11/2017,378,UTST
SYC_P05,s1v3,4/28/2017,326,UTST
SYC_P05,s1v3,4/28/2017,326,UTST
SYC_P05,s2v2,6/28/2017,477,SCOC
SYC_P05,s1v3,4/28/2017,326,ASHY
SYC_P05,s4v1,12/14/2017,836,UTST
SYC_P05,s1v3,4/28/2017,326,ASHY
SYC_P05,s3v1,9/19/2017,714,UTST
SYC_P05,s3v1,9/19/2017,714,UNKL
SYC_P05,s2v1,6/11/2017,378,UNKL
SYC_P05,s1v3,4/28/2017,326,UNKL
SYC_P05,s5v1,4/25/2018,1153,ASHY
SYC_P05,s1v3,4/28/2017,326,UTST
SYC_P05,s1v3,4/28/2017,326,ASHY
SYC_P05,s4v3,2/8/2018,1123,UTST
SYC_P05,s5v1,4/25/2018,1153,ASHY
SYC_P05,s2v1,6/11/2017,378,UTST
SYC_P05,s4v3,2/8/2018,1123,UTST
SYC_P05,s4v3,2/8/2018,1123,UNKL
SYC_P05,s3v2,10/5/2017,803,UNKL
SYC_P05,s2v3,7/27/2017,588,UNKL
SYC_P05,s5v2,5/21/2018,1271,UTST
SYC_P06,s1v3,4/28/2017,327,UTST
SYC_P06,s1v2,3/17/2017,194,UTST
SYC_P06,s1v2,3/17/2017,194,UTST
SYC_P06,s5v1,4/25/2018,1152,UNKL
SYC_P06,s2v3,7/27/2017,587,ASHY
SYC_P06,s3v3,10/30/2017,730,UTST
SYC_P06,s5v1,4/25/2018,1152,SCOC
SYC_P06,s2v3,7/27/2017,587,ASHY
SYC_P06,s4v3,2/8/2018,1120,SCOC
SYC_P06,s4v2,1/21/2018,1089,UNKL
SYC_P06,s5v2,5/21/2018,1270,UTST
SYC_P06,s5v2,5/21/2018,1270,SCOC
SYC_P06,s5v2,5/21/2018,1270,SCOC
SYC_P06,s1v1,3/3/2017,153,UTST
SYC_P06,s1v2,3/17/2017,194,UTST
SYC_P06,s1v2,3/17/2017,194,UTST
SYC_P06,s1v2,3/17/2017,194,UTST
SYC_P07,s3v2,10/5/2017,804,ASTI
SYC_P07,s3v1,9/19/2017,712,UNKL
SYC_P07,s5v1,4/25/2018,1151,SCOC
SYC_P07,s2v1,6/11/2017,380,ASHY
SYC_P07,s2v1,6/11/2017,380,ASTI
SYC_P07,s2v3,7/27/2017,585,ASHY
SYC_P07,s2v3,7/27/2017,585,UNKL
SYC_P07,s2v2,7/2/2017,890,ASHY
SYC_P07,s4v2,1/21/2018,1091,PLGI
SYC_P07,s3v1,9/19/2017,712,SCOC
SYC_P07,s1v1,3/3/2017,152,UTST
SYC_P08,s1v3,4/28/2017,324,UTST
SYC_P08,s2v2,7/2/2017,891,UNKL
SYC_P08,s2v2,7/2/2017,891,ASHY
SYC_P08,s4v3,2/8/2018,1122,PSRE
SYC_P08,s2v1,6/11/2017,381,UNKL
SYC_P08,s4v3,2/8/2018,1122,SCOC
SYC_P08,s5v1,4/25/2018,1149,ASHY
SYC_P08,s1v3,4/28/2017,324,UTST
SYC_P08,s1v3,4/28/2017,324,ASHY
SYC_P08,s3v1,9/19/2017,713,UNKL
SYC_P08,s3v1,9/19/2017,713,SCOC
SYC_P08,s3v1,9/19/2017,713,SCOC
SYC_P08,s4v3,2/8/2018,1122,SCOC
SYC_P08,s1v3,4/28/2017,324,UTST
SYP_P01,s5v2,5/20/2018,1263,ASTI
SYP_P01,s5v2,5/20/2018,1263,SCOC
SYP_P01,s1v3,2/24/2017,142,UNKL
SYP_P01,s5v1,4/26/2018,1164,SCOC
SYP_P01,s2v1,5/4/2017,310,ASHY
SYP_P01,s5v2,5/20/2018,1263,SCOC
SYP_P01,s5v1,4/26/2018,1164,UNKL
SYP_P01,s1v3,2/24/2017,142,PLGI
SYP_P01,s4v2,12/6/2017,985,ELMU
SYP_P02,s5v2,5/20/2018,1261,UNKL
SYP_P02,s2v2,5/26/2017,353,ASTI
SYP_P02,s3v2,9/5/2017,688,UNKL
SYP_P02,s5v1,4/26/2018,1163,UTST
SYP_P02,s5v1,4/26/2018,1163,UTST
SYP_P03,s1v1,1/17/2017,17,UTST
SYP_P03,s1v2,1/29/2017,45,UTST
SYP_P03,s1v1,1/17/2017,17,BAMA
SYP_P03,s1v3,2/28/2017,140,BAMA
SYP_P03,s1v3,2/28/2017,140,SCOC
SYP_P03,s5v2,5/20/2018,1262,UTST
SYP_P03,s2v2,5/26/2017,354,HYOC
SYP_P03,s1v3,2/28/2017,140,SCGR
SYP_P03,s1v2,1/29/2017,45,BAMA
SYP_P03,s2v1,5/4/2017,311,ASTI
SYP_P04,s5v1,4/26/2018,1165,UTST
SYP_P04,s4v1,11/4/2017,765,ASHY
SYP_P04,s2v1,5/4/2017,317,ASTI
SYP_P04,s5v1,4/26/2018,1165,UTST
SYP_P04,s1v3,2/28/2017,137,SCOC
SYP_P04,s5v1,4/26/2018,1165,UTST
SYP_P04,s5v2,5/20/2018,1264,UTST
SYP_P04,s5v2,5/20/2018,1264,SCOC
SYP_P04,s2v1,5/4/2017,317,ASTI
SYP_P04,s5v1,4/26/2018,1165,UTST
